Document;emailPersonal;l;department;displayName;FAX;givenName;surname;mobile;office;officePhone;state;streetAddress;title;userPrincipalName;SamAccountName;ou;password;
1000993284;gonzalezlala21@gmail.com;;;GONZALEZ MARENTES LAURA VANESA;;LAURA VANESA;GONZALEZ MARENTES;;;;;;ESTUDIANTE;laura-gonzalez@unitec.edu.co;laura-gonzalez;"""OU=ESTUDIANTES,OU=ACADEMICO,OU=UNITEC,DC=UNITEC,DC=local""";Password123*;Confirmado
1001274443;mkattalina@outlook.com;;;MELENGE QUINCHANEGUA MICHELLE KATTALINA;;MICHELLE KATTALINA;MELENGE QUINCHANEGUA;;;;;;ESTUDIANTE;michelle-melenge@unitec.edu.co;michelle-melenge;"""OU=ESTUDIANTES,OU=ACADEMICO,OU=UNITEC,DC=UNITEC,DC=local""";Password123*;Confirmado
1014258937;paulaandrea_1003@hotmail.es;;;PLAZAS RODRIGUEZ PAULA ANDREA;;PAULA ANDREA;PLAZAS RODRIGUEZ;;;;;;ESTUDIANTE;paula-plazas@unitec.edu.co;paula-plazas;"""OU=ESTUDIANTES,OU=ACADEMICO,OU=UNITEC,DC=UNITEC,DC=local""";Password123*;Confirmado
1071166206;terracota_15@hotmail.com;;;ZAMBRANO LAVADO ANDRES FELIPE;;ANDRES FELIPE;ZAMBRANO LAVADO;;;;;;ESTUDIANTE;andres-zambrano@unitec.edu.co;andres-zambrano;"""OU=ESTUDIANTES,OU=ACADEMICO,OU=UNITEC,DC=UNITEC,DC=local""";Password123*;Confirmado
1093765565;jahirangarita@gmail.com;;;ANGARITA SANCHEZ JAHIR FABIAN;;JAHIR FABIAN;ANGARITA SANCHEZ;;;;;;ESTUDIANTE;jahir-angarita@unitec.edu.co;jahir-angarita;"""OU=ESTUDIANTES,OU=ACADEMICO,OU=UNITEC,DC=UNITEC,DC=local""";Password123*;Confirmado
1106483679;lubago0336@hotmail.com;;;BAUTISTA GOMEZ LUCIA MARGARITA;;LUCIA MARGARITA;BAUTISTA GOMEZ;;;;;;ESTUDIANTE;lucia-bautista@unitec.edu.co;lucia-bautista;"""OU=ESTUDIANTES,OU=ACADEMICO,OU=UNITEC,DC=UNITEC,DC=local""";Password123*;Confirmado
1020778654;camila.pardo@hotmail.com;;;GAITAN PARDO CAMILA;;CAMILA ;GAITAN PARDO;;;;;;ESTUDIANTE;camila-gaitan@unitec.edu.co;camila-gaitan;"""OU=ESTUDIANTES,OU=ACADEMICO,OU=UNITEC,DC=UNITEC,DC=local""";Password123*;Confirmado
10751624;jesus.ulchur@correounivalle.edu.co;;;ULCHUR OCAMPO JESUS ALBERTO;;JESUS ALBERTO;ULCHUR OCAMPO;;;;;;ESTUDIANTE;jesus-ulchur@unitec.edu.co;jesus-ulchur;"""OU=ESTUDIANTES,OU=ACADEMICO,OU=UNITEC,DC=UNITEC,DC=local""";Password123*;Confirmado
1056994817;andresmoncu@gmail.com;;;MONCAYO CUEVAS ANDRES MAURICIO;;ANDRES MAURICIO;MONCAYO CUEVAS;;;;;;ESTUDIANTE;andres-moncayo@unitec.edu.co;andres-moncayo;"""OU=ESTUDIANTES,OU=ACADEMICO,OU=UNITEC,DC=UNITEC,DC=local""";Password123*;Confirmado
